Date,Actual_Volatility,Predicted_Volatility,GARCH_Volatility
2024-02-23,0.039796556954053736,0.025868172,0.023751469558070604
2024-02-24,0.036655546819328026,0.025708621,0.0235968801733241
2024-02-25,0.03899909436583194,0.025053727,0.02359156529851747
2024-02-26,0.03790457360087554,0.024761487,0.023131450035689803
2024-02-27,0.04173793921324148,0.023158293,0.027698346129908524
2024-02-28,0.055615601680887486,0.02720567,0.030135374894099825
2024-02-29,0.04638959012760217,0.028528066,0.04008367090840516
2024-03-01,0.04457667508584316,0.039261542,0.03866538443903009
2024-03-02,0.04458321463661925,0.03880432,0.037183248428013634
2024-03-03,0.04403467016397492,0.03830002,0.03546507080620463
2024-03-04,0.044056353438749585,0.036470514,0.03420796872557656
2024-03-05,0.03677142269200522,0.032839004,0.040494914570302146
2024-03-06,0.018532439360388116,0.040802393,0.04412195362185569
2024-03-07,0.01682975135449552,0.04263745,0.043043426653424206
2024-03-08,0.02211284741202503,0.042304467,0.04087623946412763
2024-03-09,0.025438345231147044,0.040322367,0.03919232794993237
2024-03-10,0.03481849087944158,0.03806479,0.037214254728942214
2024-03-11,0.04009429378493364,0.037572987,0.0354566322644723
2024-03-12,0.034789454963061524,0.03510984,0.036290647805295326
2024-03-13,0.04552478381718178,0.036513545,0.03471357033378224
2024-03-14,0.06148622208190638,0.034756146,0.03374649820192469
2024-03-15,0.062130551880692546,0.03499925,0.03315411189094726
2024-03-16,0.062056687253586436,0.03517227,0.03302769993788275
2024-03-17,0.05831832764793157,0.03556432,0.037017397825957574
2024-03-18,0.05864666877228966,0.037259117,0.03784313667585475
2024-03-19,0.06045266615234475,0.037546564,0.03623417763258411
2024-03-20,0.045397907071090204,0.037783705,0.044114095825617525
2024-03-21,0.03146688156258362,0.0416019,0.0503867906696283
2024-03-22,0.02640012062057336,0.048189238,0.04890881224948378
2024-03-23,0.023380563302921795,0.046593763,0.0469321363499965
2024-03-24,0.02405721416781482,0.044771776,0.04431664361498565
2024-03-25,0.019182368583796496,0.043120403,0.044357925973356825
2024-03-26,0.016650955494323785,0.04131436,0.04359217652802956
2024-03-27,0.028839488112226898,0.041649546,0.041241380161235595
2024-03-28,0.029621369340383372,0.040931523,0.039187204829626725
2024-03-29,0.03308738562061517,0.039459284,0.03757689894758705
2024-03-30,0.033012254499729485,0.038241565,0.035983044154535966
2024-03-31,0.033853894913738754,0.036462307,0.0343182823967817
2024-04-01,0.03228221640245151,0.034523666,0.0335049521908547
2024-04-02,0.03356371346137544,0.034621753,0.03292530552968666
2024-04-03,0.024905350483032204,0.035094652,0.03731122387741756
2024-04-04,0.025381220298985034,0.038182493,0.035554459170101
2024-04-05,0.02268222903088638,0.035593152,0.03570151826189878
2024-04-06,0.02825980609312893,0.035330657,0.034206707979004096
2024-04-07,0.032616884360045985,0.033762082,0.03295667931190823
2024-04-08,0.03568061612817956,0.033723716,0.031575673905732786
2024-04-09,0.032099230261972915,0.03204981,0.03174860206512041
2024-04-10,0.032043389567667294,0.032985013,0.032514998331886764
2024-04-11,0.03009362054443202,0.033385325,0.031702862152798425
2024-04-12,0.03684524436353358,0.032953992,0.030523029252147765
2024-04-13,0.03519154306935529,0.032715484,0.0322461568752748
2024-04-14,0.030061303440236102,0.034467753,0.03498743786597917
2024-04-15,0.02760561509113291,0.035900835,0.03450159444440684
2024-04-16,0.025038245826603456,0.035497624,0.034904416220893304
2024-04-17,0.02559788943484421,0.034903843,0.03333254961066247
2024-04-18,0.023280420449940442,0.03459557,0.03443212252585581
2024-04-19,0.019455348093986323,0.034913044,0.03456157674427507
2024-04-20,0.02002038386987018,0.03442893,0.03301052443243712
2024-04-21,0.018384448498586253,0.033061743,0.03199007171816337
2024-04-22,0.018355672532461686,0.03236975,0.030666470852545917
2024-04-23,0.01369687361066127,0.03142866,0.0306763150109452
2024-04-24,0.021816130175666505,0.03164799,0.029570415578195435
2024-04-25,0.023084350234537126,0.03157701,0.030367231842654697
2024-04-26,0.024880885320536592,0.03194002,0.02919453562283549
2024-04-27,0.03752433738192459,0.031082511,0.028409796237588963
2024-04-28,0.03805480436253269,0.029706419,0.027505504360710465
2024-04-29,0.03796594643333383,0.028727233,0.02668543638976084
2024-04-30,0.038116538080904344,0.027896633,0.026066021047403874
2024-05-01,0.032006958277440205,0.028389253,0.03018503281168019
2024-05-02,0.027833883418747995,0.032667402,0.03175657858176682
2024-05-03,0.02910270103419072,0.0331315,0.030726869138403397
2024-05-04,0.022447206634999297,0.03038209,0.0349470647036246
2024-05-05,0.020756608827612533,0.033579685,0.03363688738936525
2024-05-06,0.02162441412978221,0.033396702,0.032150746721768216
2024-05-07,0.023821698875526577,0.0336677,0.031156884917432022
2024-05-08,0.02476728624185815,0.03338277,0.030245105473674455
2024-05-09,0.03627888650206275,0.032178342,0.029734650599018565
2024-05-10,0.036491581954165686,0.030501503,0.029957114262275226
2024-05-11,0.03217574522060034,0.031400107,0.031125649593920262
2024-05-12,0.032302909207340774,0.032196306,0.029877960968942387
2024-05-13,0.033547394507946936,0.030895857,0.028891622201258505
2024-05-14,0.041526722673804764,0.029638775,0.028678421169484436
2024-05-15,0.04103751525752606,0.029627051,0.028582022154968263
2024-05-16,0.03427855569337863,0.02839162,0.0355637301523261
2024-05-17,0.03445859432305901,0.035801873,0.034318825459253834
2024-05-18,0.03319232026396815,0.03433214,0.03375371838417508
2024-05-19,0.033226417097647974,0.034302283,0.03227031333950617
2024-05-20,0.03329581481267897,0.03402412,0.03111177807926834
2024-05-21,0.014189968795552845,0.030573187,0.0376052496409332
2024-05-22,0.013783148315197974,0.037618484,0.03629488303188231
2024-05-23,0.01333850737929637,0.036728546,0.03492232041180997
2024-05-24,0.012686128545534569,0.036293346,0.03382720213514024
2024-05-25,0.013085213421513277,0.03538877,0.03240204105314769
2024-05-26,0.012118978048511708,0.03274663,0.031163750551531505
2024-05-27,0.011688769232439972,0.031985156,0.03015144577056688
2024-05-28,0.012273367956612633,0.030897591,0.029204865977497725
2024-05-29,0.013825446593704997,0.030795936,0.02865430143994106
2024-05-30,0.0120811629475261,0.03033905,0.027896051498330444
2024-05-31,0.012642635060283795,0.029103214,0.027147504950250635
2024-06-01,0.014524861611559158,0.02877711,0.026665151405082597
2024-06-02,0.014621471509088123,0.027858334,0.025867257200699066
2024-06-03,0.014580253489687847,0.02725376,0.025149731864729297
2024-06-04,0.013755540606071991,0.026316553,0.02489000952583461
2024-06-05,0.01420643833331811,0.025451384,0.025381278556995825
2024-06-06,0.015356303505319791,0.026271928,0.024781305414904795
2024-06-07,0.016490163132518068,0.026191356,0.024253390265628137
2024-06-08,0.01574494583587759,0.026532108,0.02464382999693649
2024-06-09,0.016014533393089548,0.026772961,0.024066625490061284
2024-06-10,0.01624543910643463,0.02567191,0.02357119143183098
2024-06-11,0.016233079408797053,0.024953112,0.023131345968120345
2024-06-12,0.013612968220201593,0.025192806,0.024958329623176515
2024-06-13,0.011174725212329746,0.026598223,0.024620339189731617
2024-06-14,0.009070101598224375,0.026682943,0.02511384959960016
2024-06-15,0.009087738466460347,0.026903221,0.02479049072772551
2024-06-16,0.009052112054039812,0.026212499,0.02419250762139629
2024-06-17,0.008656459913207275,0.025643552,0.02371524830299187
2024-06-18,0.01677588737737995,0.024897225,0.02326291727177549
2024-06-19,0.02188636618115722,0.025161734,0.02382826186627233
2024-06-20,0.021990337779792497,0.025779452,0.023371674762936393
2024-06-21,0.02350897733869513,0.025200674,0.022956127979458566
2024-06-22,0.024069440753730905,0.024712542,0.02291068087222368
2024-06-23,0.024735115659153047,0.024348537,0.022525709842123882
2024-06-24,0.027786965218604662,0.024487447,0.02289619900001051
2024-06-25,0.01908977825088948,0.0256978,0.027074082342142015
2024-06-26,0.01817605338908144,0.02848313,0.027228920603357177
2024-06-27,0.020926901311493315,0.028841892,0.02692861626903246
2024-06-28,0.027638563666392845,0.027685734,0.026341166532088033
2024-06-29,0.027331078043421653,0.027728915,0.026508714171297153
2024-06-30,0.030276402873432643,0.028109498,0.02583873588190133
2024-07-01,0.028509692468984632,0.026498737,0.02653725679505664
2024-07-02,0.030244929667397252,0.027479533,0.02575045991631523
2024-07-03,0.033425818934200775,0.027080705,0.025451823699537773
2024-07-04,0.03214884182863476,0.027993385,0.026670465306380266
2024-07-05,0.024177423641744952,0.030105257,0.031163194781129177
2024-07-06,0.02418114981259835,0.0330931,0.02998715611792162
2024-07-07,0.02324439177433861,0.030583004,0.03004797832159419
2024-07-08,0.013380329428037154,0.031215668,0.03202308853491462
2024-07-09,0.024180440329834765,0.03234422,0.03098265521503333
2024-07-10,0.024799599264419925,0.03161161,0.03047052488588307
2024-07-11,0.02654969989259463,0.031419795,0.02934287245569661
2024-07-12,0.02596296625562686,0.030189097,0.028384263345732668
2024-07-13,0.02753462649572295,0.029819233,0.02752062602046269
2024-07-14,0.027950295236445263,0.02848978,0.02743660487156794
2024-07-15,0.027738274725740423,0.027746707,0.02761806398605502
2024-07-16,0.018668535956998012,0.026961492,0.0332048093965584
2024-07-17,0.02203291149145057,0.033170234,0.031764172007158545
2024-07-18,0.02130887825576282,0.03301358,0.030883884481212716
2024-07-19,0.021215676455966264,0.032713547,0.029678381683263737
2024-07-20,0.018401673125018354,0.030777039,0.031201808323369468
2024-07-21,0.018349647351039236,0.031514015,0.029989253034825726
2024-07-22,0.01761156284516535,0.03028299,0.029137922861790254
2024-07-23,0.01925494781053255,0.030451927,0.028246298243808025
2024-07-24,0.01688484046510663,0.030607997,0.02847099751477821
2024-07-25,0.019179391030618134,0.03042207,0.02765242005624815
2024-07-26,0.019626904192631207,0.029218595,0.026786438846993433
2024-07-27,0.024911066467713225,0.027217984,0.02764035819522039
2024-07-28,0.02431078804252065,0.028219335,0.026750349440557326
2024-07-29,0.023933953477323314,0.027741715,0.02598535069384709
2024-07-30,0.030574208940973017,0.028026285,0.026217864647743044
2024-07-31,0.03962740409225736,0.028442105,0.02567900068797494
2024-08-01,0.039684091239067146,0.027937645,0.026215106101044265
2024-08-02,0.06541397976847178,0.02773664,0.025644534148011162
2024-08-03,0.061164383761448296,0.02822501,0.03182078344294978
2024-08-04,0.06097938410680038,0.03350382,0.030788892297929128
2024-08-05,0.06030573224428472,0.033016294,0.03264758365056656
2024-08-06,0.050412795283680104,0.035515632,0.03897716253111913
2024-08-07,0.04951166176804263,0.038353406,0.03863635549379919
2024-08-08,0.051049395683887104,0.03853974,0.03720244224946956
2024-08-09,0.021698643837850043,0.034266006,0.04985721022437963
2024-08-10,0.02483881917193638,0.04578084,0.04722682137316943
2024-08-11,0.025398939140030715,0.045357704,0.04457792479816193
2024-08-12,0.021805484325550423,0.04434647,0.043817684975510654
2024-08-13,0.022478042823272818,0.04414064,0.041547670475753806
2024-08-14,0.0206498348318786,0.040402003,0.039827767311089515
2024-08-15,0.021348552547433695,0.0397859,0.039140021612844564
2024-08-16,0.02001708618248306,0.039280575,0.037767767983482824
2024-08-17,0.028117866219577323,0.03796792,0.03652312563659579
2024-08-18,0.028414498202370807,0.036550708,0.034873885779208004
2024-08-19,0.026120105633506956,0.03510622,0.03375541173625522
2024-08-20,0.029390097581832517,0.034105267,0.032621997472857565
2024-08-21,0.03784025348110075,0.033817276,0.03136958382882334
2024-08-22,0.034612706100805926,0.031615853,0.03194700417614431
2024-08-23,0.0346363557029354,0.03262692,0.030946188233238275
2024-08-24,0.021468139889029167,0.030792588,0.034773256516221596
2024-08-25,0.02113014600080657,0.034715507,0.033182439476882306
2024-08-26,0.02080171439173461,0.03392823,0.03173890331883024
2024-08-27,0.026992490905313714,0.033248074,0.031348191368991904
2024-08-28,0.02051003433983358,0.03450024,0.03483238616950589
2024-08-29,0.021135105452283316,0.0363254,0.0333660914108392
2024-08-30,0.023276847047300122,0.034284808,0.03193672094468236
2024-08-31,0.026121655123009072,0.032431867,0.030664568563842986
2024-09-01,0.026625442809158035,0.03114489,0.029483817876869288
2024-09-02,0.02702641426094463,0.031270985,0.029852737194134976
2024-09-03,0.029016387838763796,0.03073934,0.03012534821382451
2024-09-04,0.027455946515946256,0.031574573,0.030458073594359286
2024-09-05,0.02722908861936119,0.031374454,0.029374694868443952
2024-09-06,0.02405988530106593,0.031105954,0.030108868915646105
2024-09-07,0.01736664664406853,0.03267912,0.03170500558914921
2024-09-08,0.019532076804103862,0.032946374,0.03040566738869705
2024-09-09,0.02234535306456653,0.031351723,0.02943900547523854
2024-09-10,0.020549899635932924,0.029043093,0.030647363178844762
2024-09-11,0.02400576072500976,0.030458525,0.02959069508731188
2024-09-12,0.023995486000280366,0.030602222,0.028566068885120727
2024-09-13,0.02430579409463496,0.02983148,0.027822662490769517
2024-09-14,0.020460242105261147,0.028547866,0.02959132423709864
2024-09-15,0.019402706718352,0.030456666,0.02868718406752411
2024-09-16,0.017125701253437712,0.0301165,0.028076545773429558
2024-09-17,0.014339903007017407,0.030305011,0.02771556641220473
2024-09-18,0.010208896869239177,0.02896307,0.028835418767119543
2024-09-19,0.012765415147962863,0.02904002,0.028530764841940393
2024-09-20,0.015622533322627466,0.028593086,0.028177251986227492
2024-09-21,0.015694863376887247,0.028928999,0.027228860671628868
2024-09-22,0.015754913590113127,0.02882906,0.0263718987516249
2024-09-23,0.016153505313036894,0.027956937,0.02561160081845206
2024-09-24,0.022189650642540207,0.027351892,0.025001033527374095
2024-09-25,0.02548247167106502,0.026235936,0.024749369293622012
2024-09-26,0.025099550585196882,0.026534619,0.024908431487057413
2024-09-27,0.01960229435793765,0.025846293,0.02605222435155229
2024-09-28,0.02195696782200554,0.026955675,0.025431167163837747
2024-09-29,0.021878233403611197,0.026624233,0.02475962385639951
2024-09-30,0.02317392148680416,0.026193878,0.024217212061491442
2024-10-01,0.0194140962146503,0.02699979,0.026343278415131184
2024-10-02,0.010262616817573584,0.029264094,0.02864515083916383
2024-10-03,0.014843753157632686,0.030676689,0.02767794693153519
2024-10-04,0.014913696710384177,0.029031023,0.026769736439798842
2024-10-05,0.01886955674532557,0.027097391,0.026676514612158843
2024-10-06,0.01931728515754664,0.027293611,0.02587390158089098
2024-10-07,0.019045313998689098,0.026877616,0.02535403492456108
2024-10-08,0.025960487456629933,0.026983492,0.02491525497809201
2024-10-09,0.025633660301773036,0.026732907,0.02431953730615143
2024-10-10,0.02033226446568125,0.026546242,0.02517300676291372
2024-10-11,0.020013093059871073,0.02720435,0.0246131772940292
2024-10-12,0.01810966139522721,0.025428336,0.026237174859999414
2024-10-13,0.01886671556022942,0.026807118,0.025684992884488
2024-10-14,0.01746948496564932,0.026568577,0.02507646201023344
2024-10-15,0.013760624470617235,0.025522234,0.028645631835822322
2024-10-16,0.012684631034527936,0.029388743,0.02795438123381853
2024-10-17,0.01319838010362239,0.028678995,0.0271054790424645
2024-10-18,0.016939102195028775,0.028485755,0.026294428451433056
2024-10-19,0.017903947054409793,0.027980221,0.025874624107520505
2024-10-20,0.018238536714844187,0.02734904,0.025164910211443965
2024-10-21,0.01877355158718567,0.02642322,0.02464347311135029
2024-10-22,0.019166140289596213,0.026597723,0.025316660555475455
2024-10-23,0.022798330412815204,0.027215378,0.024662191990986224
2024-10-24,0.021422874669356492,0.02665636,0.024540538398752643
2024-10-25,0.025471529079744006,0.025649661,0.02512035359248062
2024-10-26,0.023707484383294793,0.026577367,0.0255875634221219
2024-10-27,0.023939647735026017,0.026996827,0.02493200100611826
2024-10-28,0.02400336456958063,0.026127413,0.024603931761081353
2024-10-29,0.02123631250599961,0.025412377,0.025469608152146512
2024-10-30,0.01566254449289976,0.025320208,0.02745506764335561
2024-10-31,0.03871154863552585,0.028333547,0.02665009968585172
2024-11-01,0.03543142928839151,0.028827215,0.027606285284832333
2024-11-02,0.03420838598412854,0.030078985,0.026960011001549787
2024-11-03,0.033805126768012506,0.029127741,0.02615834818329709
2024-11-04,0.03406004231392978,0.027671462,0.025574709313864064
2024-11-05,0.039782048972509525,0.027081776,0.02532216491674665
2024-11-06,0.04339672066394582,0.026381541,0.025519075148261856
2024-11-07,0.03667628221034502,0.02472908,0.03627871827835343
2024-11-08,0.04346802057563986,0.03526546,0.034558652014755734
2024-11-09,0.04389404299987471,0.03442091,0.03305798667503859
2024-11-10,0.044721162480352385,0.034290727,0.03162851182153349
2024-11-11,0.04474276681915095,0.032480616,0.03346258671438121
2024-11-12,0.026675038350809296,0.031589724,0.043689162732399575
2024-11-13,0.026794829564903165,0.041703057,0.041442687445116276
2024-11-14,0.025822520464073344,0.040156905,0.04021988646743299
2024-11-15,0.02079436918684162,0.041319296,0.04001799195840395
2024-11-16,0.017765776440186856,0.04019685,0.04007646972130159
2024-11-17,0.019027785497461994,0.039586905,0.03808232812613923
2024-11-18,0.017675253626414783,0.0383372,0.03631341529748178
2024-11-19,0.030078619116693378,0.036352765,0.034639242092443415
2024-11-20,0.02970660055530051,0.035209168,0.033542313619565604
2024-11-21,0.03314123447862095,0.033430338,0.03265549977902586
2024-11-22,0.027845142023148625,0.03212904,0.033838820442878996
2024-11-23,0.029059243142610085,0.03395587,0.032352040664037754
2024-11-24,0.028954109645570623,0.033520535,0.03128093760050203
2024-11-25,0.029201624159272316,0.032775737,0.030016625376171214
2024-11-26,0.020711854124512426,0.032827824,0.03320425024629971
2024-11-27,0.019542447934961054,0.034834277,0.032032709885691804
2024-11-28,0.015540594754423534,0.03232419,0.03321354862702301
2024-11-29,0.018436252225312973,0.03340864,0.0317988355262458
2024-11-30,0.02144814277129975,0.031507008,0.030952365881041714
2024-12-01,0.020659512220598763,0.032033864,0.029945875757497
2024-12-02,0.020854932405765633,0.031378217,0.028894278952750242
2024-12-03,0.025983278424595253,0.030432569,0.02830546255848058
2024-12-04,0.026268581858694472,0.029850783,0.027332433825008197
2024-12-05,0.029791815592605856,0.028028121,0.027750544413946403
2024-12-06,0.028467618671434096,0.029218303,0.02782392871257177
2024-12-07,0.02599915810805086,0.028341917,0.028719519915340906
2024-12-08,0.026013393914569253,0.029779729,0.027708168058456828
2024-12-09,0.027695118376172584,0.028753862,0.027037164292056465
2024-12-10,0.02046228461239328,0.028987344,0.028950308389906983
2024-12-11,0.01926782348853523,0.031139763,0.028059275537664168
2024-12-12,0.028548711073316795,0.028726485,0.030358778260175072
2024-12-13,0.029871026901803748,0.031146955,0.029445579239383075
2024-12-14,0.029043949034062443,0.02972839,0.02862722460598367
2024-12-15,0.028978161838701964,0.029878873,0.02763082938929684
2024-12-16,0.024992447422370806,0.028706802,0.02800987188917829
2024-12-17,0.021922971841315975,0.028497303,0.027465149678634948
2024-12-18,0.030701529917837797,0.028541902,0.026578405450644892
2024-12-19,0.022153589066842394,0.02932084,0.03191455900160767
2024-12-20,0.024262551504316242,0.03450045,0.03173664969534405
2024-12-21,0.024709271593618992,0.03343273,0.03042994098542696
2024-12-22,0.025428079406044066,0.03149792,0.029324150979490888
2024-12-23,0.024897051679487924,0.030277252,0.029173476338473402
2024-12-24,0.025041180052370864,0.030500954,0.0281718213556855
2024-12-25,0.017183729117697708,0.028731972,0.029887272837525104
2024-12-26,0.017828234172886058,0.030220585,0.028795893202968974
2024-12-27,0.016464062969649515,0.030246586,0.03009536858788378
2024-12-28,0.014527861479585924,0.03212819,0.02951441342804762
2024-12-29,0.01444986753544353,0.031362105,0.028560663605935517
2024-12-30,0.011122133965184093,0.030075585,0.028169480341966868
2024-12-31,0.013380600764759559,0.029350681,0.027422266761730797
2025-01-01,0.028401187463651875,0.028649418,0.02662858729178606
2025-01-02,0.029715854778322854,0.027769173,0.02598291480093102
2025-01-03,0.02908406982415108,0.026397716,0.02635799595990084
2025-01-04,0.030579373925267196,0.026996411,0.025816730991857488
2025-01-05,0.030501904036067392,0.027035436,0.025103504767029446
2025-01-06,0.03045256431415247,0.02669387,0.024468557023590534
2025-01-07,0.024263462809872335,0.025437111,0.02639989693422007
2025-01-08,0.018870288065386313,0.028631646,0.030491081032084356
2025-01-09,0.022114270718769733,0.032453794,0.03001828275023028
2025-01-10,0.01766351381160182,0.032427527,0.030220018293130098
2025-01-11,0.021903890206031302,0.031460665,0.029865643003857974
2025-01-12,0.021799633400886906,0.030215152,0.028750720641007255
2025-01-13,0.02781689069627264,0.029548768,0.027741679471890563
2025-01-14,0.027520844892745026,0.028861612,0.026828515442332584
2025-01-15,0.029492270353354853,0.027990974,0.026714941563110273
2025-01-16,0.029749853676258212,0.026884729,0.028575083712748833
2025-01-17,0.029314192416028135,0.029333808,0.02771290627043126
2025-01-18,0.023598405030635778,0.027945759,0.03016850398796169
2025-01-19,0.023602547185505873,0.031153135,0.029016531723815703
2025-01-20,0.021014198183863082,0.031125631,0.029866536529950787
2025-01-21,0.020955686078223866,0.03132656,0.02883660990556524
2025-01-22,0.011602347409885586,0.029772088,0.030235218921589462
2025-01-23,0.013448910941592672,0.03116593,0.030104131171400744
2025-01-24,0.013944595633788652,0.03090477,0.028955924749198843
2025-01-25,0.015997505873604476,0.030360196,0.02799680455044203
2025-01-26,0.016761356524726004,0.029536461,0.027065775056900693
2025-01-27,0.018551532093937634,0.02857812,0.027020398130270223
2025-01-28,0.025079676544631162,0.028847724,0.026276018642724747
2025-01-29,0.02831581110162312,0.02813809,0.025661462502468736
2025-01-30,0.02549291970844771,0.026626699,0.025855693396823098
2025-01-31,0.02443255234402563,0.026554579,0.025274995139233175
2025-02-01,0.02419585079702144,0.026883224,0.025716527034054044
2025-02-02,0.024009432918230954,0.027809346,0.025675871564495918
2025-02-03,0.021596125174527952,0.028469946,0.026805845459499617
2025-02-04,0.01467155082206381,0.027868126,0.0282735089092463
2025-02-05,0.00911532429627687,0.029697256,0.0296077546152904
2025-02-06,0.01199943387897206,0.030972183,0.02885057438508066
2025-02-07,0.013270365646017787,0.030269518,0.027827417955621204
2025-02-08,0.013691623799247156,0.029498499,0.02691104349828143
2025-02-09,0.013670822624836374,0.027851846,0.026088471108293133
2025-02-10,0.014991183557732353,0.0273713,0.02534907261244208
2025-02-11,0.014327675991679086,0.02658695,0.024818084799510455
2025-02-12,0.01273585817248688,0.026565453,0.02491648665907251
2025-02-13,0.009937367049488164,0.026072146,0.025131510731672378
2025-02-14,0.01085729344375421,0.026752558,0.024897755551744304
2025-02-15,0.013873626334029113,0.026246214,0.024401211707396682
2025-02-16,0.014084794617753063,0.025747746,0.023844319063383804
2025-02-17,0.012941333017575225,0.025833055,0.023867725178515705
2025-02-18,0.023651878900553612,0.025583277,0.02343512001607364
2025-02-19,0.025056530737017246,0.025291903,0.02301858201017491
2025-02-20,0.02691717019956009,0.02431995,0.022829239721748797
2025-02-21,0.02423454368213187,0.023664221,0.022992723147334873
2025-02-22,0.025080206339741958,0.024703832,0.02380632271021687
2025-02-23,0.02784057397271006,0.025454288,0.023337467101490476
2025-02-24,0.0496760974034781,0.025240645,0.022944895674353934
2025-02-25,0.05762122142549784,0.025824167,0.02794716299536764
2025-02-26,0.057286517641669095,0.030356532,0.028694556643659535
2025-02-27,0.0546000158651556,0.03175425,0.03206680726409216
2025-02-28,0.05498596823482026,0.033397928,0.03073842302260634
2025-03-01,0.0575349005725821,0.031383377,0.02957151208722255
2025-03-02,0.05721023158413479,0.0297841,0.029016159218289476
2025-03-03,0.04520797691103936,0.027446544,0.03947418750063915
2025-03-04,0.034124065174230375,0.040126853,0.047152275646216935
2025-03-05,0.04185775457881212,0.045566656,0.044662324159775876
2025-03-06,0.037936307989499415,0.043426078,0.04373976302064984
2025-03-07,0.03866107459970406,0.043047905,0.04146490357987466
2025-03-08,0.04138299983639269,0.04055199,0.04101046667937237
2025-03-09,0.04150330612621722,0.04137083,0.038958498552032914
2025-03-10,0.03246098624437428,0.040853165,0.04260145452103619
2025-03-11,0.02996579320377261,0.042754743,0.04122088419771168
2025-03-12,0.023930484626230784,0.03971794,0.042294877932342476
2025-03-13,0.030324286731181944,0.04050814,0.04014561056466796
2025-03-14,0.030158958469271586,0.03926761,0.03949016601876344
2025-03-15,0.02715170766972981,0.038801216,0.03891766163778144
2025-03-16,0.027094550788622867,0.039131824,0.03697223725716235
2025-03-17,0.027095855411331783,0.037412524,0.035874830940182165
2025-03-18,0.027003220883538407,0.035901345,0.03456661920339456
2025-03-19,0.02546850572566932,0.03581318,0.033449163347467545
2025-03-20,0.018259203438949222,0.033206467,0.03519208010650725
2025-03-21,0.01187818728341584,0.035698637,0.03507816936707381
2025-03-22,0.018722375826581296,0.03588719,0.03347195047050515
2025-03-23,0.02045183455038705,0.034455813,0.03202367326003878
2025-03-24,0.016268933856235682,0.03282598,0.03163098899387711
2025-03-25,0.013614818867119377,0.031546723,0.030696491684221904
2025-03-26,0.020295220161622617,0.031373907,0.029491872948878405
2025-03-27,0.022973456205860384,0.03079921,0.02850795921859873
2025-03-28,0.023357056990406758,0.03014484,0.02751969724854695
2025-03-29,0.020775711424536828,0.029773649,0.028682907595296882
2025-03-30,0.01893875260006322,0.030761084,0.028536582787721403
2025-03-31,0.031796361103828594,0.030254647,0.02757762071993944
2025-04-01,0.03256825568169872,0.028905049,0.026681416006051045
2025-04-02,0.029836422091724747,0.026895117,0.02747913307560772
2025-04-03,0.04538335031180174,0.02885677,0.028544681153040652
2025-04-04,0.047192940106880056,0.029838061,0.027610564213028304
2025-04-05,0.05113841722531563,0.02898752,0.026808008200655275
2025-04-06,0.051821295874061715,0.028331565,0.026045203321335454
2025-04-07,0.04396876220322529,0.028635215,0.032728430308030784
2025-04-08,0.04394645607891615,0.034208495,0.031529243736647304
2025-04-09,0.04003980384856179,0.03358109,0.032635325728857696
2025-04-10,0.027433400627388603,0.031858716,0.03950813228842508
2025-04-11,0.021429956267505167,0.038635805,0.039290485309845476
2025-04-12,0.014129823970162181,0.038191758,0.03982011198238568
2025-04-13,0.011352733371323958,0.038637817,0.03833651320594057
2025-04-14,0.007873031446078826,0.03904109,0.03697561797975982
2025-04-15,0.012102400550600386,0.03688159,0.03529252182075347
2025-04-16,0.02410693654415904,0.036595024,0.03385413816516811
2025-04-17,0.024240811685760588,0.03469015,0.03235978949802022
2025-04-18,0.02468608313668159,0.032837655,0.03111070041557353
2025-04-19,0.02338201528099517,0.03215558,0.02993333705902646
2025-04-20,0.024090076621764794,0.03081245,0.02885394914206933
2025-04-21,0.025436161422070235,0.030078433,0.027825665467454325
2025-04-22,0.024742263812527854,0.028557392,0.028059650505421845
2025-04-23,0.007988678008834293,0.027493475,0.03361348801627635
2025-04-24,0.00799347226555069,0.033418432,0.03213124233006265
2025-04-25,0.011921674208532804,0.032714836,0.030786755962949948
2025-04-26,0.011771209492439977,0.03219486,0.029643436407164537
2025-04-27,0.012861813669500177,0.031456016,0.028544925845816433
2025-04-28,0.014122910915197752,0.030011121,0.02775487578550929
2025-04-29,0.013251767718671198,0.028970364,0.027075350994575136
2025-04-30,0.015064699413261278,0.02857418,0.026369657874200113
2025-05-01,0.01495056642972067,0.027764065,0.02560693729291379
2025-05-02,0.026095299673598544,0.026520215,0.02587787885438328
2025-05-03,0.026461501377726578,0.02700866,0.025173902610098893
2025-05-04,0.02513032431785508,0.026593572,0.024811513468029046
2025-05-05,0.023293411566741574,0.026891071,0.024844465653106988
2025-05-06,0.02526858559194417,0.02680749,0.024256695966524307
2025-05-07,0.02492480336793278,0.02532493,0.02451422767318687
2025-05-08,0.025578072235222956,0.025448447,0.023945430207997668
2025-05-09,0.010650229218724777,0.023712488,0.03004527487493338
2025-05-10,0.010642077631082625,0.030556217,0.02892650031646717
2025-05-11,0.008013868971104569,0.029698154,0.028285650372284487
2025-05-12,0.01459014460612597,0.029777061,0.027403094960773783
2025-05-13,0.01385399088180714,0.029694097,0.02687290681640337
2025-05-14,0.013654098638645678,0.028194081,0.026297972301799262
2025-05-15,0.015316837303151346,0.027908042,0.025639345216618935
2025-05-16,0.015426389831778287,0.026926527,0.024945786610768406
2025-05-17,0.024549099610004524,0.026412044,0.024357527137793943
2025-05-18,0.024301669257067216,0.026075153,0.02384232362062422
2025-05-19,0.02198451463000635,0.02465763,0.025090468783727143
2025-05-20,0.02141551800266533,0.026352664,0.024628008896888657
2025-05-21,0.02147094771152937,0.02574087,0.024233059962113314
2025-05-22,0.019115969718009888,0.025134291,0.024954039408351728
2025-05-23,0.017698839479186376,0.025899246,0.02487296672426629
2025-05-24,0.011705720846481254,0.026831314,0.02746778389752631
2025-05-25,0.011905290786239356,0.029355869,0.026599490415367955
2025-05-26,0.011515751571177789,0.028288135,0.025990047641988152
2025-05-27,0.011346413970197394,0.027182927,0.025267968928993096
2025-05-28,0.011345000180858883,0.026279885,0.024673750407741956
2025-05-29,0.011061646161418541,0.026555678,0.024392719099066495
2025-05-30,0.013902794738606101,0.026685923,0.024767158055334033
2025-05-31,0.017696258243883774,0.026983708,0.024745078006174166
2025-06-01,0.01810708239025913,0.026346186,0.024192662212753166
2025-06-02,0.017744130427851963,0.025294246,0.023794700887518762
2025-06-03,0.023741936408305003,0.024810487,0.02330643379703181
2025-06-04,0.023509760981923363,0.024711715,0.022941231973740192
2025-06-05,0.024383861443833043,0.024810337,0.022690375300561342
2025-06-06,0.023224841308237376,0.02520653,0.02444174486289036
2025-06-07,0.02123672908764488,0.025795922,0.02519410550833464
2025-06-08,0.02098038445208899,0.026139516,0.024752708884077063
2025-06-09,0.020969455317875717,0.025667766,0.024155762949237967
2025-06-10,0.012197099199834966,0.024400264,0.02671838724909592
2025-06-11,0.013392681243961353,0.027900402,0.025915054279287413
2025-06-12,0.013493955077286512,0.027562544,0.02566302350757113
2025-06-13,0.0099747840774821,0.02808787,0.026348021746513066
2025-06-14,0.01071225377668252,0.028617607,0.02557798943456168
2025-06-15,0.010977608292781634,0.027232582,0.02499300083870526
2025-06-16,0.011078500822094849,0.026257701,0.02437032351078431
2025-06-17,0.021739271522000184,0.025358751,0.024028630133724645
2025-06-18,0.020064680489342533,0.02585608,0.024501937456453154
2025-06-19,0.020450319450828605,0.02609257,0.023935931104119335
2025-06-20,0.020540726568717218,0.02565913,0.023453395030783405
2025-06-21,0.01932156577617042,0.025354085,0.023448472310489486
2025-06-22,0.018211380347170018,0.025204608,0.023282432838160415
2025-06-23,0.016074473117337517,0.025369167,0.023257670085221057
2025-06-24,0.008084849768067528,0.02395472,0.02644456076495654
2025-06-25,0.009866641696237195,0.027030049,0.025680940985213195
2025-06-26,0.01457471645960379,0.026338411,0.025209743758218404
2025-06-27,0.01444557204448689,0.026621541,0.024614969943128274
2025-06-28,0.01605912120130295,0.026578937,0.024033318119608925
2025-06-29,0.01605570791966155,0.025613967,0.023518118854232176
2025-06-30,0.016003346243572993,0.024915313,0.02320612018054478
2025-07-01,0.01563886223096339,0.02483795,0.023141059193437702
2025-07-02,0.014180085866773471,0.025128726,0.02319518121995785
2025-07-03,0.011993481654622594,0.024402864,0.02437845716224766
2025-07-04,0.01876792944559958,0.025458772,0.023890459244534753
2025-07-05,0.015839626192638363,0.025285114,0.023928440331484425
2025-07-06,0.01613546095661748,0.025548972,0.023424149755046593
2025-07-07,0.01611948825282035,0.025187507,0.023103248124945346
2025-07-08,0.013712914331612844,0.02473283,0.022905201863389735
2025-07-09,0.01824224401556641,0.024230475,0.02256290722114041
2025-07-10,0.017657383735132388,0.023663983,0.02307852398452307
2025-07-11,0.01073209987599421,0.023403624,0.025782632758996605
2025-07-12,0.011159080531604386,0.02615731,0.025332800412416017
2025-07-13,0.011156173344904577,0.02653605,0.024680868510972395
2025-07-14,0.009515349895407539,0.026197053,0.024415459473370985
2025-07-15,0.008959997017984835,0.026107423,0.023900471321365864
2025-07-16,0.010409576729123909,0.025799684,0.024121432098891293
2025-07-17,0.011118955949868791,0.02570935,0.023686071127565364
2025-07-18,0.010972574163022346,0.025298685,0.023230240685795316
2025-07-19,0.010412246748838179,0.024908857,0.02312212873973899
2025-07-20,0.010476821122219418,0.024651434,0.02271858297648792
2025-07-21,0.01112028072007403,0.024598895,0.02245563562725956
2025-07-22,0.012583430279209901,0.024085635,0.022122512281228544
2025-07-23,0.008617340963148734,0.02309957,0.02270160291560676
2025-07-24,0.007883005756543595,0.024168316,0.02263873115150704
2025-07-25,0.010123765373371911,0.024231192,0.022331448934926244
2025-07-26,0.012254362312089019,0.024271322,0.02214042379329576
2025-07-27,0.01173850199638369,0.02396285,0.021848135283604415
2025-07-28,0.012375819621845158,0.02301345,0.021866265316402816
2025-07-29,0.012976819565933051,0.023490494,0.022053683489749724
2025-07-30,0.012976036468085395,0.023675762,0.021773386639423374
2025-07-31,0.013774434730477271,0.023547485,0.0215333836400484
2025-08-01,0.014862801225677635,0.02363674,0.022127899888027082
2025-08-02,0.011754980802892933,0.02431624,0.022944321559856682
2025-08-03,0.011052193801496867,0.025074445,0.022705661389126056
2025-08-04,0.012764985666848052,0.02408208,0.02273039284887269
2025-08-05,0.01339753187681651,0.023670908,0.022442139307277672
2025-08-06,0.012368656504657717,0.023733325,0.02230849180007108
2025-08-07,0.014254722681369576,0.02375604,0.022079410155175543
2025-08-08,0.02294268990476444,0.02330702,0.022640288318665443
2025-08-09,0.023019745866976908,0.024065292,0.022434879195110072
2025-08-10,0.022994459023721363,0.023944722,0.022124410732610816
2025-08-11,0.020741201288621912,0.023398044,0.02290692475310336
2025-08-12,0.02095564045690533,0.024462443,0.022604245439315558
2025-08-13,0.02189881972671879,0.023718478,0.02249623652099024
2025-08-14,0.01868610404412085,0.023408145,0.023436347248415847
2025-08-15,0.013637664769918095,0.025751455,0.02653082942527079
2025-08-16,0.022120010559417206,0.028499033,0.02591297455321176
2025-08-17,0.02257423996262842,0.027933806,0.025190174671087973
2025-08-18,0.023144704914651495,0.026825666,0.02455104050368714
2025-08-19,0.025000647414733287,0.02579366,0.02425037853149259
2025-08-20,0.024130496461258505,0.026505735,0.02562232402459097
2025-08-21,0.023332453396286555,0.02725763,0.02517416777067742
2025-08-22,0.02324757892354361,0.02698211,0.025145495299447252
2025-08-23,0.019688328712779396,0.025640545,0.027116696592038407
2025-08-24,0.020367656351578625,0.028064057,0.026640773918442922
2025-08-25,0.020040524419637103,0.028421016,0.02644859408767377
2025-08-26,0.01786580651627407,0.028803768,0.027439818104280318
2025-08-27,0.018276751378708014,0.029310372,0.026892685764485853
2025-08-28,0.018259210598872463,0.028141387,0.026146662278532372
2025-08-29,0.017824406870603417,0.026962198,0.025601499670855482
2025-08-30,0.008985561834994044,0.027507342,0.027676165660787105
2025-08-31,0.009325779682511722,0.029480206,0.026776225792738906
2025-09-01,0.009023872588703024,0.02843888,0.02604418330693755
2025-09-02,0.008910333168191892,0.027280234,0.025424438279161278
2025-09-03,0.006811342865721297,0.02598709,0.02526190114997858
2025-09-04,0.010522478766068615,0.02634024,0.024629436226110225
2025-09-05,0.009720276368062948,0.026138345,0.024262730570357393
2025-09-06,0.009292299515261448,0.026065672,0.02372927940591977
2025-09-07,0.008839302868262379,0.025636725,0.02330547516880761
2025-09-08,0.00986983767830774,0.024729062,0.02297752005030641
2025-09-09,0.009945973643524716,0.02415078,0.02267684224977807
2025-09-10,0.009410801118373467,0.024161385,0.02240214866516314
2025-09-11,0.0073081889399912725,0.02348476,0.022936497289739725
2025-09-12,0.005918026153637432,0.024039157,0.022856202850338018
2025-09-13,0.007797931449006862,0.024033826,0.022504638827422086
2025-09-14,0.00779410579768868,0.023982078,0.022181857729632586
2025-09-15,0.007701440271622462,0.02415234,0.021963964701934735
2025-09-16,0.011396034395431381,0.02378709,0.021692594523019654
2025-09-17,0.009149286135780534,0.023077395,0.02170213498345534
